mfanselmo, mfanselmo@uc.cl
rihanuch, rihanuch@uc.cl
nachocontreras, icontreras1@uc.cl
Dr._Martin, Dr..Martin@gmail.com
Rebecca_Williams, Rebecca.Williams@gmail.com
Jonathan_Rodriguez, Jonathan.Rodriguez@gmail.com
Julie_Peterson, Julie.Peterson@gmail.com
Sheila_Harris, Sheila.Harris@gmail.com
Jeanette_Brown, Jeanette.Brown@gmail.com
Barbara_Kane, Barbara.Kane@gmail.com
Frank_Jacobson, Frank.Jacobson@gmail.com
Nancy_Taylor, Nancy.Taylor@gmail.com
Christina_Mcguire, Christina.Mcguire@gmail.com
Cindy_King, Cindy.King@gmail.com
Javier_White, Javier.White@gmail.com
Teresa_Foster, Teresa.Foster@gmail.com
John_Vasquez, John.Vasquez@gmail.com
Danny_Ramirez, Danny.Ramirez@gmail.com
Jasmine_Hernandez, Jasmine.Hernandez@gmail.com
Douglas_Wilson, Douglas.Wilson@gmail.com
John_Martin, John.Martin@gmail.com
Denise_Lynch, Denise.Lynch@gmail.com
Alexander_Nelson, Alexander.Nelson@gmail.com
Jill_Sutton, Jill.Sutton@gmail.com
Cynthia_Clark, Cynthia.Clark@gmail.com
Steven_Owens, Steven.Owens@gmail.com
Casey_Carson, Casey.Carson@gmail.com
Brittany_Rodriguez, Brittany.Rodriguez@gmail.com
John_Galvan, John.Galvan@gmail.com
Thomas_Price, Thomas.Price@gmail.com
Carl_Garcia, Carl.Garcia@gmail.com
Robert_Williams, Robert.Williams@gmail.com
Mason_Wilson, Mason.Wilson@gmail.com
George_Perez, George.Perez@gmail.com
Dana_Gordon, Dana.Gordon@gmail.com
Tommy_Perez, Tommy.Perez@gmail.com
Nancy_Edwards, Nancy.Edwards@gmail.com
Denise_Flores, Denise.Flores@gmail.com
Richard_Guzman, Richard.Guzman@gmail.com
Jeff_Mcdonald, Jeff.Mcdonald@gmail.com
Kimberly_Moore, Kimberly.Moore@gmail.com
Andrew_Ramsey, Andrew.Ramsey@gmail.com
Michael_White, Michael.White@gmail.com
Heather_Rodriguez, Heather.Rodriguez@gmail.com
Eric_Williams, Eric.Williams@gmail.com
Timothy_Sanchez, Timothy.Sanchez@gmail.com
Wendy_Phillips, Wendy.Phillips@gmail.com
Dr._Phillip, Dr..Phillip@gmail.com
Richard_Reeves, Richard.Reeves@gmail.com
Christina_Hanna, Christina.Hanna@gmail.com
Mr._Dean, Mr..Dean@gmail.com
Jonathan_Wagner, Jonathan.Wagner@gmail.com
Jennifer_Edwards, Jennifer.Edwards@gmail.com
Antonio_Gordon, Antonio.Gordon@gmail.com
Tiffany_Salas, Tiffany.Salas@gmail.com
Holly_Trevino, Holly.Trevino@gmail.com
Emily_Howard, Emily.Howard@gmail.com
Michaela_Munoz, Michaela.Munoz@gmail.com
Paul_Lewis, Paul.Lewis@gmail.com
Caleb_Holden, Caleb.Holden@gmail.com
Shirley_Perry, Shirley.Perry@gmail.com
Deborah_Wilson, Deborah.Wilson@gmail.com
Christina_Wilson, Christina.Wilson@gmail.com
Jennifer_Bradley, Jennifer.Bradley@gmail.com
Caleb_Clayton, Caleb.Clayton@gmail.com
Matthew_Turner, Matthew.Turner@gmail.com
Caitlin_Brown, Caitlin.Brown@gmail.com
Carolyn_Bush, Carolyn.Bush@gmail.com
Brendan_Johnson, Brendan.Johnson@gmail.com
Tonya_Duffy, Tonya.Duffy@gmail.com
David_Hernandez, David.Hernandez@gmail.com
Matthew_Terrell, Matthew.Terrell@gmail.com
Rose_Morales, Rose.Morales@gmail.com
Cathy_Nelson, Cathy.Nelson@gmail.com
Christopher_Rios, Christopher.Rios@gmail.com
Bruce_Tucker, Bruce.Tucker@gmail.com
Omar_Harrison, Omar.Harrison@gmail.com
Derek_Grimes, Derek.Grimes@gmail.com
Dana_Rice, Dana.Rice@gmail.com
Cameron_Perez, Cameron.Perez@gmail.com
Anthony_Russell, Anthony.Russell@gmail.com
Mr._Bryce, Mr..Bryce@gmail.com
Marie_Gonzalez, Marie.Gonzalez@gmail.com
Jennifer_Pierce, Jennifer.Pierce@gmail.com
Jennifer_Stokes, Jennifer.Stokes@gmail.com
Pamela_Nelson, Pamela.Nelson@gmail.com
Tammy_Payne, Tammy.Payne@gmail.com
Jamie_Burton, Jamie.Burton@gmail.com
Eric_Ellis, Eric.Ellis@gmail.com
Jamie_Walsh, Jamie.Walsh@gmail.com
Mr._Joshua, Mr..Joshua@gmail.com
Harold_Mitchell, Harold.Mitchell@gmail.com
Ariel_Nguyen, Ariel.Nguyen@gmail.com
Michelle_Swanson, Michelle.Swanson@gmail.com
Justin_Walter, Justin.Walter@gmail.com
Brittany_Reed, Brittany.Reed@gmail.com
Joseph_Griffin, Joseph.Griffin@gmail.com
Jimmy_Elliott, Jimmy.Elliott@gmail.com
Andre_Wu, Andre.Wu@gmail.com
James_Ewing, James.Ewing@gmail.com
Paul_Watson, Paul.Watson@gmail.com
Sarah_Kent, Sarah.Kent@gmail.com
Alejandro_Rodriguez, Alejandro.Rodriguez@gmail.com
